{"cameraMode":{"drawMode":0,"name":"Shaded","section":"Shading Mode"},"sceneLighting":true,"audioPlay":false,"sceneViewState":{"showFog":true,"showMaterialUpdate":false,"showSkybox":true,"showFlares":true,"showImageEffects":true,"showParticleSystems":true},"in2DMode":false,"pivot":{"x":-12.051691055297852,"y":-6.602691650390625,"z":144.25331115722657},"rotation":{"x":-0.2096991091966629,"y":0.06945069134235382,"z":-0.014933601953089238,"w":-0.9751819968223572},"size":372.8414001464844,"orthographic":false}